cpv2,name,precision,recall,f1-score,support
03,"PRODOTTI DELL'AGRICOLTURA, DELL'ALLEVAMENTO, DELLA PESCA, DELLA SILVICOLTURA E PRODOTTI AFFINI",0.0,0.0,0.0,0
14,"PRODOTTI DELLE MINIERE, METALLI DI BASE E PRODOTTI AFFINI",0.0,0.0,0.0,1
16,MACCHINARI AGRICOLI,0.0,0.0,0.0,1
32,"ATTREZZATURE PER RADIODIFFUSIONE, TELEVISIONE, COMUNICAZIONE, TELECOMUNICAZIONE E AFFINI",0.0,0.0,0.0,7
51,SERVIZI DI INSTALLAZIONE (ESCLUSO SOFTWARE),0.0,0.0,0.0,2
65,SERVIZI PUBBLICI,0.0,0.0,0.0,12
43,"MACCHINE PER L'INDUSTRIA MINERARIA, LO SCAVO DI CAVE, ATTREZZATURE DA COSTRUZIONE",0.0,0.0,0.0,3
41,ACQUA CAPTATA E DEPURATA,0.0,0.0,0.0,1
77,"SERVIZI CONNESSI ALL'AGRICOLTURA, ALLA SILVICOLTURA, ALL'ORTICOLTURA, ALL'ACQUACOLTURA E ALL'APICOLTURA",0.0,0.0,0.0,18
98,"ALTRI SERVIZI DI COMUNITÀ, SOCIALI E PERSONALI",0.0,0.0,0.0,19
75,SERVIZI DI PUBBLICA AMMINISTRAZIONE E DIFESA E SERVIZI DI PREVIDENZA SOCIALE,0.0,0.0,0.0,2
73,SERVIZI DI RICERCA E SVILUPPO NONCHÉ SERVIZI DI CONSULENZA AFFINI,0.034482758620689655,0.2,0.058823529411764705,5
31,"MACCHINE E APPARECCHI, ATTREZZATURE E ARTICOLI DI CONSUMO ELETTRICI; ILLUMINAZIONE",0.046511627906976744,0.25,0.0784313725490196,8
35,"ATTREZZATURE DI SICUREZZA, ANTINCENDIO, PER LA POLIZIA E DI DIFESA",0.05555555555555555,0.16666666666666666,0.08333333333333333,6
63,SERVIZI DI SUPPORTO E AUSILIARI NEL CAMPO DEI TRASPORTI; SERVIZI DI AGENZIE DI VIAGGIO,0.6666666666666666,0.044444444444444446,0.08333333333333333,45
42,MACCHINARI INDUSTRIALI,0.2,0.0625,0.09523809523809523,16
22,STAMPATI E PRODOTTI AFFINI,0.07692307692307693,0.25,0.11764705882352941,4
19,"CUOIO E TESSUTI TESSILI, MATERIALI DI PLASTICA E GOMMA",0.09090909090909091,0.3333333333333333,0.14285714285714285,3
24,SOSTANZE CHIMICHE,0.1111111111111111,0.25,0.15384615384615385,4
92,"SERVIZI RICREATIVI, CULTURALI E SPORTIVI",0.18181818181818182,0.23529411764705882,0.20512820512820512,17
37,"STRUMENTI MUSICALI, ARTICOLI SPORTIVI, GIOCHI, GIOCATTOLI, MANUFATTI ARTIGIANALI, MATERIALI ARTISTICI E ACCESSORI",0.14285714285714285,0.5,0.2222222222222222,2
60,SERVIZI DI TRASPORTO (ESCLUSO IL TRASPORTO DI RIFIUTI),0.2857142857142857,0.2222222222222222,0.25,9
64,SERVIZI DI POSTE E TELECOMUNICAZIONI,0.5,0.16666666666666666,0.25,6
38,"ATTREZZATURE DA LABORATORIO, OTTICHE E DI PRECISIONE (ESCLUSO VETRI)",0.2631578947368421,0.2631578947368421,0.2631578947368421,19
44,"STRUTTURE E MATERIALI PER COSTRUZIONE, PRODOTTI AUSILIARI PER COSTRUZIONE (APPARECCHIATURE ELETTRICHE ESCLUSE)",0.6,0.23076923076923078,0.3333333333333333,13
48,PACCHETTI SOFTWARE E SISTEMI DI INFORMAZIONE,0.42857142857142855,0.2727272727272727,0.3333333333333333,11
85,SERVIZI SANITARI E DI ASSISTENZA SOCIALE,0.5833333333333334,0.25925925925925924,0.358974358974359,27
34,ATTREZZATURE DI TRASPORTO E PRODOTTI AUSILIARI PER IL TRASPORTO,0.3448275862068966,0.4166666666666667,0.37735849056603776,24
50,SERVIZI DI RIPARAZIONE E MANUTENZIONE,0.40540540540540543,0.35714285714285715,0.379746835443038,42
79,"SERVIZI PER LE IMPRESE: SERVIZI GIURIDICI, DI MARKETING, DI CONSULENZA, DI RECLUTAMENTO, DI STAMPA E DI SICUREZZA",0.45098039215686275,0.32857142857142857,0.38016528925619836,70
39,"MOBILI (INCLUSO MOBILI DA UFFICIO), ARREDAMENTO, APPARECCHI ELETTRODOMESTICI (ESCLUSO ILLUMINAZIONE) E PRODOTTI PER PULIZIE",0.5,0.3333333333333333,0.4,18
71,"SERVIZI ARCHITETTONICI, DI COSTRUZIONE, INGEGNERIA E ISPEZIONE",0.7666666666666667,0.30666666666666664,0.4380952380952381,75
30,"MACCHINE PER UFFICIO ED ELABORATORI ELETTRONICI, ATTREZZATURE E FORNITURE, ESCLUSI I MOBILI E I PACCHETTI SOFTWARE",0.4186046511627907,0.5294117647058824,0.4675324675324675,34
80,SERVIZI DI ISTRUZIONE E FORMAZIONE,0.3783783783783784,0.6666666666666666,0.4827586206896552,21
18,"INDUMENTI, CALZATURE, ARTICOLI DA VIAGGIO E ACCESSORI",1.0,0.3333333333333333,0.5,6
15,"PRODOTTI ALIMENTARI, BEVANDE, TABACCO E PRODOTTI AFFINI",0.4444444444444444,0.6153846153846154,0.5161290322580645,13
66,SERVIZI FINANZIARI E ASSICURATIVI,1.0,0.42857142857142855,0.6,14
72,"SERVIZI INFORMATICI: CONSULENZA, SVILUPPO DI SOFTWARE, INTERNET E SUPPORTO",0.6065573770491803,0.6166666666666667,0.6115702479338843,60
45,LAVORI DI COSTRUZIONE,0.5700934579439252,0.6703296703296703,0.6161616161616161,91
55,"SERVIZI ALBERGHIERI, DI RISTORAZIONE E DI VENDITA AL DETTAGLIO",0.5,0.8333333333333334,0.625,12
09,"PRODOTTI DERIVATI DAL PETROLIO, COMBUSTIBILI, ELETTRICITÀ E ALTRE FONTI DI ENERGIA",0.5217391304347826,0.8888888888888888,0.6575342465753424,27
90,"SERVIZI FOGNARI, DI RACCOLTA DEI RIFIUTI, DI PULIZIA E AMBIENTALI",0.5925925925925926,0.7619047619047619,0.6666666666666666,21
33,"APPARECCHIATURE MEDICHE, PRODOTTI FARMACEUTICI E PER LA CURA PERSONALE",0.8967391304347826,0.7819905213270142,0.8354430379746836,211
